Team,Round Elim,APG,FG%,FT%,RPG,PPG,3PG,3FG%,TOPG,BKPG,RPG,OPP FG%,OPP PPG,STPG,Pct,Avg,Ratio,Fouls,TO,REB MAR,Pct
North Carolina,7,18.1,46.6,70.1,15.75,84.4,7.1,35.5,11.8,3.5,27.98,41.3,70.6,7.1,34,13.6,1.53,712,473,12.3,82.5
Kentucky,4,15.4,47.3,70.3,12.37,84.9,7,35.3,11.7,5.3,27.39,42.4,71.5,6,30.6,14.32,1.32,718,443,4.7,84.2
Villanova,2,14,49.5,79,8.78,77.2,8.6,36.9,11.2,3,24.75,41.9,62.7,7.2,31.1,13.19,1.26,516,402,3.7,88.9
Kansas,4,16.2,48.8,67.8,11.89,83.2,8.8,40.4,12.7,4.5,26.78,42,71.9,6.9,35.6,13.42,1.28,641,456,4.4,86.1
Arizona,3,13.5,47.7,76.5,10.27,76.6,6.6,39,11.2,3.2,26.41,42.1,65.9,5.4,31,11.68,1.21,625,413,6.8,86.5
Gonzaga,6,15.3,50.4,71.7,9.69,82.6,7.3,38.2,11.5,4.7,31,36.5,61.5,6.8,29,12.1,1.33,662,448,7.1,94.9
Oregon,5,15.7,48.1,71.2,10.56,78.9,8.6,38,11.6,6.4,26.05,40.3,65.8,6.5,31.3,13.21,1.35,615,454,4.2,84.6
Florida,4,12.5,45,72.9,11.56,77.9,7.7,35.8,12,4.8,25.5,41,66.5,7.5,30.5,14.86,1.05,662,431,1.9,75
Baylor,3,15.5,47.1,72.3,12.89,72.9,6.6,35.9,13.4,4.8,25.03,40.5,63.7,5.1,32.3,11.34,1.16,617,469,8.7,77.1
Duke,2,13.1,47.5,76.2,10.54,80.8,8.4,37.9,11.4,4.6,25.7,43.2,70.2,6.1,29.3,12.08,1.15,675,421,2.6,75.7
Louisville,2,13.6,45.6,68.6,13.44,77.3,7,35.5,11,5.4,26.06,40.1,66,6.7,31.6,13.5,1.23,653,374,6,73.5
Cincinnati,2,15.5,45.8,68.6,12.14,74.3,7.3,34.5,10,4.9,24.72,38.8,61.3,7.2,34.4,13.22,1.55,568,361,4.5,83.3
Butler,3,13.3,47.7,74.1,8.44,76.3,7.7,36.6,10.2,2.8,23.59,44.5,68.9,6.1,33.3,13.26,1.31,641,346,0.6,73.5
UCLA,3,21.4,52.2,73.8,9.53,89.8,9.8,40.6,11.2,5.3,28.94,42.2,75.5,5.9,36.5,11.75,1.91,584,404,3.7,86.1
Florida St.,2,14.6,48.3,68.9,11.69,82.1,6.7,34.7,11.9,5.1,26.14,41.6,72.1,7.4,34.9,14.11,1.23,684,415,3.8,74.3
SMU,1,16.2,47.2,69.6,11.89,74.3,8.2,40.6,10.8,3.3,26.23,38.6,60,5.7,32.1,11.66,1.5,505,377,8.7,85.7
Saint Mary's (CA),2,16.6,49.6,74.5,9.53,72,8.6,39.4,10.7,3.2,25.97,41.2,57.5,4.2,30,9.35,1.54,512,365,9,85.3
Purdue,3,18.3,47.9,75.7,9.83,79.7,9,40.3,13,2.5,27.86,42.1,68.4,5.2,33.2,11.74,1.41,552,455,6.6,77.1
Virginia,2,13.9,46,70.9,8.74,66.1,6.8,38.5,9.5,4.1,24.18,39.8,56.4,5.6,31.7,12.65,1.46,556,324,2.9,67.6
West Virginia,3,16.4,45.4,68.5,14.43,81.5,7.4,36.2,12.3,4.8,23,42.4,66.7,10,35.3,20,1.33,761,455,3,75.7
Iowa St.,2,15.8,47.2,70,9.09,80.8,9.8,40,10.1,3.5,25.74,42.8,72.3,7.8,34.6,14.03,1.56,558,355,-3.4,68.6
Notre Dame,2,15.7,45.8,80,9.28,77.3,9.3,38.4,9.5,3.7,24.39,43.2,69.3,7.1,33.8,12.67,1.66,535,341,-1.8,72.2
Michigan,3,13.9,48.3,77.9,7.37,75,9.5,38.5,9.2,2.9,21.87,46.5,66.4,5.8,37.8,12.61,1.52,574,348,-2.6,68.4
South Carolina,5,12.6,42,69.8,12.54,73.1,6.7,33.7,13,3.8,23.78,40.1,65.2,7.8,30.3,17.08,0.97,751,480,1.1,70.3
Minnesota,1,14.9,43.5,71.1,11.12,75.2,6.1,34.2,11.6,6.7,28.32,40,69.4,5.7,30.9,12.62,1.29,579,393,0.9,70.6
VCU,1,15,46.1,70.5,11.03,74.7,5.7,33.1,12.4,3.9,25.4,42.2,66.9,7.5,33.8,14.69,1.21,730,435,2.6,74.3
Xavier,4,14.7,45.7,68.8,11.87,74.6,7,34.5,12.6,2.6,25.39,45,71.3,6,33.4,11.95,1.17,711,478,6.1,63.2
Arkansas,2,13.9,46,76.1,11.14,79.3,6.5,36.5,11.9,4.8,24.89,41.8,73.9,7.7,33.2,13.25,1.17,740,428,-0.6,72.2
Wichita St.,2,16.3,46.9,73.3,12.06,81,8.6,40.3,11.3,3.9,28.92,37.7,62.4,6.5,31.1,13.56,1.44,676,406,9,86.1
Wisconsin,3,13.6,45.5,64.4,12.43,72.4,7.6,35.9,11.1,3.5,24.76,41.2,62.4,6.8,37.6,12.76,1.22,602,411,6.3,73
Rhode Island,2,13.3,45.4,66.8,11.69,73.6,6.2,33.3,11.1,5.9,25.49,40.6,65.4,6.5,29.5,13.11,1.2,726,389,2.5,71.4
Creighton,1,17.1,50.5,68.2,8.26,81.8,8.7,39.6,12.4,2.9,26.69,43.7,72.8,6.1,33,13.97,1.37,583,435,-1,71.4
UNCW,1,16.1,48,69.1,12.06,84.8,9.6,36.6,10.4,3.4,23.97,47.8,75,6.7,33.8,14.46,1.56,699,363,2.2,82.9
Middle Tenn.,2,15.4,48.8,69.9,9.86,74.9,6.3,36.7,10.4,2.8,25.5,42.1,63.9,6.7,32.3,13.22,1.48,657,374,5.2,86.1
Nevada,1,16,44.8,70.5,11.03,79.8,9.1,38.2,11,4.3,27.57,42.8,71.3,5.4,31,11.34,1.45,581,386,3.5,80
Dayton,1,15.6,46.5,69,8.66,75.9,8.1,38.5,11.8,4,25.63,41.3,66.4,7.8,32.5,14.97,1.33,601,376,-0.4,75
Southern California,2,15.3,45.6,74.1,10.75,78.2,7.9,36.2,11.1,5.3,24.92,43.4,73.1,7,36.8,12.56,1.38,572,398,0.4,72.2
Maryland,1,14.3,44.9,69.9,10.64,73.9,8.2,35.9,12.9,4.7,24.88,41.6,68.1,5.5,33.8,12.64,1.11,614,426,0.4,72.7
Illinois St.,0,13.8,43.9,66.4,10.54,69.1,8.4,36.9,12.2,4.9,26.4,37.9,61.3,7.1,32.8,12.77,1.13,620,427,2.5,80
UT Arlington,0,15.8,46.1,68.1,11.94,78.3,8.6,33.7,13.1,2.3,26.72,41.2,69.9,7.4,31.8,14.56,1.21,691,471,3.4,75
Oklahoma St.,1,14.7,46.7,78.9,13.76,85.7,8.9,40.2,13.1,3,23.06,47.1,78.5,7.6,36.7,14.94,1.13,731,432,4,60.6
Vanderbilt,1,12.9,43,77.7,8.17,71.1,9.9,37.6,12.3,3.8,26.34,42.5,68.1,4.2,33.7,10.83,1.05,581,430,0,54.3
Wake Forest,0,15.5,47.2,77.8,10.58,82.8,8.1,38.5,11.8,3.7,25.7,45.7,78.4,5.5,35.8,11.64,1.32,668,389,2.6,57.6
Miami (FL),1,11.8,45.2,71.8,11,69,6.3,35.6,12.6,3.8,24.64,41.9,64.1,6.5,33,11.88,0.93,515,417,4,63.6
Vermont,1,13.6,49.4,70,9.31,73.5,6.5,36.9,11.2,4.3,24.74,42.3,62.1,5.7,33.4,12.94,1.21,556,392,3.6,82.9
Seton Hall,1,12.2,44.8,64.3,13.3,73.2,6.1,33.8,13.6,2.5,26.45,43.3,70.4,6.9,34.1,12.18,0.9,613,449,6.9,63.6
Michigan St.,2,16.9,47,67,9.37,71.9,7.8,37.3,14,4.6,27.06,41,68.7,4.3,34.6,10.86,1.21,702,490,3.5,57.1
Northwestern,2,15,43.6,74.8,10.72,71.1,7.1,34.2,10.6,4.9,25.5,40.3,65.5,5.3,33.3,11.92,1.41,691,383,0.8,66.7
Princeton,1,14.3,45,73.8,8.23,71.6,9.9,37.8,9.9,3.1,25.17,41.6,61.4,6.7,33.2,13.13,1.44,482,298,-0.1,76.7
Virginia Tech,1,15.1,48.9,73.7,7.27,79.1,8.8,40.3,12.1,2.8,25.03,44.5,74.7,4,36.3,11.61,1.25,543,398,-2.4,66.7
Monmouth,0,12.7,43.7,75.7,11.18,81.2,8.9,37.3,12.5,4.6,27.35,40.7,73.6,6.9,33.4,14.65,1.01,698,425,0.3,79.4
TCU,0,16.9,46.6,68.6,11.62,74.7,7.2,35.4,12.9,4.5,24.38,44.3,69.7,6.6,36.1,13.03,1.31,679,504,3.7,61.5
Kansas St.,1,14.9,46.1,69.4,9.43,72.1,7.1,36.2,12.9,3.7,22.94,43.1,67.8,7.7,38.2,14.94,1.15,630,453,-1.1,60
Georgia,0,12.6,43.9,75.7,9.71,71.6,5.1,32.5,13.1,3.7,27.29,41.1,70.4,5.4,33.5,11.79,0.97,637,444,2.1,55.9
Akron,0,14.4,46.6,68.3,9.92,77,10.2,37.2,11.7,3.3,24.69,44.4,70.8,5.5,36.5,11.53,1.23,654,422,1.6,75
New Mexico St.,1,14.9,46.7,71.2,12.82,78.8,7.4,33.7,13.7,3.8,26.56,41.9,67.9,4.9,29.4,13.71,1.09,628,465,6.3,82.4
ETSU,1,14.7,48.8,70.2,10.2,79.5,7.6,38.2,14.8,4.6,26.06,41.7,69.7,8.4,35.4,15.54,0.99,698,519,4.1,77.1
Belmont,0,16,46.9,76.8,8.47,76.7,10.2,34.2,12.7,2.7,26.8,42.7,69.3,4.4,31.8,11.33,1.27,531,380,2.9,76.7
CSU Bakersfield,0,14.5,43.9,64,12.34,71.5,6.5,35.1,14.8,4,26.23,37.2,63.9,8.2,31.8,16.63,0.98,793,519,3.4,71.4
Illinois,0,13.5,44.5,68.7,9.77,71.7,7.7,36.9,12.4,2.4,25,43.4,69.1,5.6,33.4,12.8,1.09,641,433,1.6,57.1
Providence,0,14.3,44.8,69.1,8.91,70.3,7.2,37.1,12.5,3,24.42,44,66.9,6.6,32.8,13.76,1.14,569,412,-1.3,60.6
Houston,0,12.7,44.7,71.7,11.31,73.7,8.4,39.4,9.8,3.5,24.16,40.8,64.9,5.3,32.9,13.66,1.29,603,315,0.6,65.6
California,0,12,42.2,66.1,11.59,68.1,6.6,34,12.6,4.6,27.32,40,63.4,4.9,32.8,11.15,0.96,656,428,6.7,61.8
UCF,0,11.1,43.5,66.1,10.81,67.1,7.3,35.2,14.6,4,29.97,36.5,61.2,4,31.3,9.75,0.76,548,525,8.2,66.7
Col. of Charleston,0,10.2,43.2,73.6,8.63,69,6.3,32.8,10.4,3.4,25.49,41.9,64.6,5.5,30.8,12.34,0.98,604,364,-1.2,71.4
Bucknell,1,14.6,48,68.1,8.63,76.2,8.2,37.9,13.3,3.8,25.74,42.7,67.9,7.2,34.2,13.89,1.09,655,466,0.8,74.3
Marquette,1,16.4,48.7,78.1,8.75,82.2,10.5,42.9,12.4,3.6,24.34,45.9,75.5,7.2,36.8,13.06,1.33,621,396,-0.5,59.4
Ole Miss,0,13,42.3,75.2,12.72,78,7.9,34.7,14.3,4.2,26.81,42.5,76.3,6.8,36.3,13.92,0.91,703,515,3.2,61.1
Colorado St.,0,11,42.5,73.1,11.39,72.5,7.1,33.9,10.9,3.4,26.78,40.7,68,6.1,31.7,11.61,1.01,619,392,2.7,66.7
Boise St.,0,12.1,45,71.2,9.66,75.1,7.9,34.8,12.8,2.4,25.97,42.7,71.2,5,33.6,11.84,0.95,663,409,1.9,62.5
Winthrop,1,12.8,45.5,71.7,9.58,79.2,9.5,37.3,13,5.1,27.52,40.8,70.4,6.5,31.3,14,0.98,605,430,0.5,78.8
Richmond,0,16.9,47.1,71.3,6.74,74.2,7.7,34.2,11.4,1.9,24.06,44.2,72,6.6,32.1,14.03,1.48,636,399,-5.7,62.9
BYU,0,15.7,45.6,73.3,10.68,80.6,6.8,34.4,13.8,4.6,31.06,41.6,74.2,6.6,32.4,12.24,1.14,657,469,5.6,64.7
Pittsburgh,0,14.3,44.2,73.3,9.48,72.8,8,36.1,12,3.4,25.61,44.9,74.7,3.8,35.6,9.76,1.19,551,396,0.2,48.5
Clemson,0,12.5,44.9,73.1,11.06,74.8,7.2,35.7,10.7,3.9,22.97,45.3,71.5,7.1,35.6,13.67,1.17,501,354,-1.1,51.5
UNC Asheville,0,15.5,47.6,68.1,8.52,77.1,8,39.4,11.6,1.9,25,44.9,68.5,9.3,35.5,16.58,1.33,553,384,-1,69.7
Fresno St.,0,12.6,45.5,67.2,9.52,73.5,6.3,35.2,13.5,3.9,26,41.5,70.2,8.4,33.1,14.7,0.94,719,444,0.7,60.6
Valparaiso,0,12.8,44.4,77.5,10.64,74.7,6.6,32.4,12.9,2.9,27.27,41.4,68.9,6.4,33.1,12.88,0.99,621,425,4.2,72.7
Georgia Tech,0,15.4,43.8,68.2,9.62,67.5,4.6,33.1,13.4,6,26.32,39.8,66.8,6.6,33,13.08,1.15,591,494,-0.4,56.8
Tennessee,0,13.8,42.2,72.9,12.13,74.5,5.9,32.6,12.5,4.6,25.56,42.7,73,5.5,35.6,13.97,1.11,670,399,0.7,50
Indiana,0,14.4,47.9,72.9,12.15,79.7,8.7,38,15.2,4.6,26.85,42.9,73.3,6.1,33.7,11.15,0.94,682,517,7.3,52.9
Alabama,0,11.5,42.4,65.3,12.29,68.5,6.6,31.7,13.9,4.1,26.71,40.5,64.7,5.9,33.3,13.53,0.82,665,474,5.6,55.9
Iowa,0,17.7,45.4,68.8,12,80.5,8.8,37.9,13.9,3.8,26.38,44.5,78.1,7.4,35.8,14.29,1.28,610,472,0.1,55.9
Iona,1,15.5,45.4,76.8,9.63,80.4,9.8,39.7,12,3.1,26.09,43.6,76.8,6.8,36.1,13.17,1.29,669,421,-2.6,62.9
Northern Ky.,0,13.9,45.6,68,11.17,76,8.6,34.9,13.4,2.8,26.51,44,71.6,5.7,32.5,12.2,1.04,623,468,4.4,68.6
Syracuse,0,15.6,45.9,73.8,10.68,76.3,8.8,38.1,12.3,4.7,24.12,43,71.1,8.1,34.2,13.47,1.27,542,418,-1,55.9
New Mexico,0,13.5,46,74.6,8.84,73.6,4.7,32.7,13,3.5,25.71,43.3,72.7,6.1,36.9,13.42,1.04,615,403,0.7,54.8
FGCU,1,15.5,49.9,70.2,11.15,79.4,6.5,34.7,12.4,3.4,26.18,42.5,69.3,6.1,30.6,13,1.25,636,421,5.4,76.5
Davidson,0,15.6,43.7,75.3,8.91,73.8,9.1,34.1,12.2,3.3,27,43.2,71.6,5.1,38.1,11.94,1.28,583,390,-0.6,53.1
Furman,0,15,47.3,69.7,9.06,74,9.1,38.5,12.9,2.3,25.6,42.4,66.3,7,31.2,13.51,1.16,613,451,2.4,65.7
St. Bonaventure,0,13.2,44.3,76.9,11.53,76.8,6.3,34.8,12.5,4.3,24.5,43.2,72.4,7.2,35.3,14.84,1.05,671,401,1.6,62.5
Ohio St.,0,13.6,46.3,68.2,10.13,72.8,6.6,35.6,13.2,3.8,27.13,41.6,69.8,5.2,35.6,12.06,1.03,562,423,2.3,53.1
Texas A&M;,0,15.8,45.8,64.9,12.94,70.2,6.1,32.9,14.2,5.6,25.68,40.4,67.8,6,35.2,11.65,1.11,511,439,5.3,51.6
Towson,0,10.5,44.7,68.2,13.48,74.2,4.7,31.1,12.9,3.6,26.06,41.8,69.2,6.8,34,13.24,0.82,686,426,7.9,60.6
Saint Peter's,0,12.2,43.6,70,8.25,66,8,38.1,11.1,2.9,24.56,41.6,60.8,7,31.9,13.36,1.11,571,398,0.2,63.9
Utah,0,14.9,50.4,68.2,10.03,78.5,6.7,35.3,13.5,3.5,28,41.7,68.1,6.1,34.2,12.03,1.1,539,431,6.8,62.5
Lehigh,0,14.6,47.9,77.2,7.25,76,8.4,39.2,14.1,3.1,27.13,43.4,70.7,6.7,34.7,13.09,1.04,539,450,2.3,62.5
UNCG,0,15,46.4,70.6,11.57,75.1,8.8,38.2,13.5,3.8,23.89,42.8,69.3,7,35.9,13.89,1.11,638,474,3.5,71.4
San Diego St.,0,10.9,41.6,69.8,10.61,68.5,7.1,31.7,11.7,5,25.73,38.8,62.5,6.9,32.4,12.85,0.93,572,387,1.3,57.6
San Francisco,0,13,44.9,63.6,9.52,71.6,9.1,35,12.6,2.8,26.45,42.2,67.3,6.7,33.5,13.33,1.03,641,415,0.7,60.6
Colorado,0,13.9,44.6,70.4,11.85,75.5,7.4,34.8,12.1,4.3,25.65,43.2,72.2,5.1,36.7,11.97,1.15,632,410,3,55.9
Oakland,0,17,45.5,76.1,10.38,79.4,7.3,33.5,13.6,5.1,28.56,40.7,71.1,7.8,32,14.15,1.25,593,463,2.3,73.5
Texas Southern,1,11.7,42.9,73.5,11.46,74.1,5.9,29.5,11.6,3.1,23.57,44.5,72.6,7.2,32.6,13.37,1.01,607,407,-2.7,65.7
Penn St.,0,13.7,41.4,74.5,10,71.7,7,33.9,13,5.5,25.42,43,72.7,6.8,36.3,14.76,1.05,596,430,-3.4,45.5
Stanford,0,13.6,44,68.2,10.19,69.7,5.1,32,12.9,2.5,24.23,44.4,71.1,6.8,38.2,14.32,1.06,604,399,1.2,45.2
Georgia St.,0,12.1,46.9,64.7,10.12,74,7.5,35.7,14,4.2,25.45,41.1,70.1,7.2,32.4,14.36,0.86,673,463,2.2,60.6
Auburn,0,13.2,43.7,67.2,11.53,80.4,9,36.6,13.6,5.1,25.06,43.7,79.6,7.4,35.7,15.06,0.97,672,434,-2.4,56.3
Marshall,0,16.5,45.6,73.4,9.29,85.6,10.2,37,12.4,4,27.69,46.1,84,6,34.4,13.2,1.33,644,433,-5.2,57.1
George Washington,0,13.3,42.4,74.5,11.26,69.9,7.9,37.1,12.9,3.9,25.29,44.5,69.7,5.5,35.4,10.83,1.03,541,453,4.2,57.1
North Dakota St.,0,12.2,45.8,71.1,8.6,74.8,7.7,36.8,11.6,3.7,26.3,42.9,71.5,6.1,38,12.23,1.05,501,348,0,63.3
Nebraska,0,11.4,41.6,71,13.26,69.9,5.8,32,13.3,3.7,25.03,44.7,73,6.8,39.9,13.61,0.86,578,411,2,38.7
William & Mary,0,17.5,49.1,69.2,8.74,81.7,9.1,38.2,12.5,4.9,27.48,44.2,77.8,5.4,34.8,11.06,1.4,566,388,1.5,54.8
Arkansas St.,0,12.4,46.1,63.8,11,73.3,6.9,38,12.9,2.6,25.44,43.3,69.1,5.4,31.6,13.16,0.96,653,414,2.9,62.5
Louisiana,0,14.3,46.7,69.5,13.39,81.9,7,34.3,13.3,2.8,24.58,47.3,76.3,7.1,36,15,1.08,625,440,5.9,63.6
Georgetown,0,15,46.1,73.2,9.53,74,6.4,34.9,14.2,4.6,26.13,42.2,72.2,5.5,32.4,12.22,1.06,672,454,0.9,43.8
Louisiana Tech,0,16.5,46.7,70.9,10.15,77.5,7.8,36.1,12.3,5.3,27.61,41.4,66.8,6.8,34.3,13.85,1.33,519,407,3.5,69.7
Ohio,0,13.4,45.4,69,9.16,77,9.2,38.4,12.5,2.8,27.71,41.4,69.9,5.9,32.2,13.42,1.07,550,388,-0.2,64.5
Wright St.,0,14.8,44.9,76.4,10.19,77,8.9,38.1,14.8,2.3,25.31,44.2,72.4,5.7,33.8,14.44,1,594,474,2.5,62.5
Memphis,0,15.9,44.2,68.3,11.66,74,5.7,29.5,11.5,4.7,24.97,42.3,70.7,6.9,33.7,13.59,1.38,534,368,0.3,59.4
South Dakota,0,12.2,44.4,70.5,10.44,77.6,6.6,34.1,11.8,3.4,26.94,43.3,73.9,6.8,36.7,13.68,1.03,657,402,1.1,64.7
UConn,0,13.1,43,71.2,10.18,67.3,6.8,35.5,12.2,5.4,26.45,39.3,66.3,4.4,33.4,10.52,1.07,575,402,1.4,48.5
Texas Tech,0,14,46.9,73.3,9.34,73.3,6.6,36.9,11.1,3.1,23.63,43.2,67.1,5.3,35.5,13.59,1.26,561,354,3.1,56.3
George Mason,0,11.7,44.8,74.7,11.21,74.1,5.4,33.6,12.9,2.8,29.09,42.5,71.7,5,33,10.12,0.9,570,440,7.3,58.8
New Hampshire,0,12.4,43.8,72.5,10.13,71.2,8,35.2,12.5,1.8,28.22,42.6,66.2,4,32.2,10.5,0.99,506,401,6.1,62.5
Arizona St.,0,13,43.4,74.9,9.21,78.6,9.9,36.6,10.4,3.2,23.42,47.9,81.7,5.9,36.4,13.3,1.25,558,344,-7.1,45.5
Yale,0,15.7,46.7,73.2,10.38,74.2,7.2,35.7,13,4.4,26.1,42.9,69.9,5.6,32.9,11.76,1.21,454,377,3.4,62.1
Wyoming,0,14.9,43.5,73,8.47,77.9,9.7,34.9,13.2,4.6,29.82,40.1,74.6,5.2,31,12.16,1.13,785,502,-1.1,60.5
Siena,0,13.5,45.2,71.1,12.65,75,5.5,32.7,14,4.1,25.12,44.7,74.7,5.9,33.9,12.18,0.97,668,476,4.4,50
UC Irvine,0,12.8,44.4,68.6,11.17,69.8,7.4,36.1,13.4,4.3,28.5,38.3,64.8,4.9,32.4,10.53,0.96,748,481,6.7,58.3
Santa Clara,0,14.1,43.6,73.2,6.15,66.8,9.6,38.2,10.3,2,23.58,45.2,65.4,5.2,37.7,12.42,1.36,617,341,-4.1,51.5
A&M-Corpus; Chris,0,13.5,47.1,72.2,10.22,75.4,5.4,33.2,13.5,3.9,23.89,43.8,71.5,9.4,34.4,16.31,1,704,485,-0.7,66.7
North Dakota,1,15.2,48.3,71.3,9.28,80.6,7.1,39,13.1,2.9,26.5,44.3,73.7,7.8,35.1,15,1.16,670,419,0.7,68.8
Temple,0,14.5,42.2,72.3,10,70.9,9,35.6,11.4,4,24.28,43,71.2,6.5,34.3,12.59,1.27,581,365,-3.6,50
Old Dominion,0,13.6,41.2,64.3,13.29,64.5,5.1,32.4,11.2,4.6,25.1,40,61.2,6.3,33.6,12.9,1.21,567,348,5.6,61.3
Mt. St. Mary's,1,11.2,44.4,67.3,7.67,67.9,7.3,35.8,13.1,3.9,22.36,45.3,68.7,6.2,34.1,14.83,0.85,640,472,-7.5,55.6
Chattanooga,0,12.2,46.6,71,10.39,74.6,7.5,34.6,13.3,4.7,22.03,44.5,68.8,7.8,34.2,14.9,0.91,570,413,-1.1,61.3
North Carolina St.,0,14.3,46.8,70,10.28,77.6,7.1,35.6,13.4,4.4,26,45,79.6,5.1,37,11.28,1.07,585,428,0.2,46.9
Tulsa,0,11.4,41.9,72.9,9.72,67.4,7.3,34.3,14.8,2.5,25.06,43.4,70.3,4.5,35.9,12.53,0.77,579,473,1.6,46.9
Northeastern,0,13.4,45.6,68.1,8.52,72.1,8.6,36.7,12.6,3.6,25,45.5,71.9,5.5,36.4,11.58,1.06,522,390,-0.4,48.4
Omaha,0,13.8,45.4,74.8,10.56,83.9,9.3,38.8,13.9,3.3,25.34,46.4,83.5,8.2,36.9,15.03,1,617,444,-1.9,56.3
Kent St.,1,12.5,42.8,71.9,14.97,77,7.1,32,12.9,3.8,25.36,43.5,73,6.4,34.8,13.97,0.97,686,465,5.9,61.1
La Salle,0,14.2,45.7,76.6,8.3,75.5,8.5,36.4,13.1,2.1,24.13,46.7,76.6,6.4,39.4,12.47,1.08,560,393,-0.8,50
Ga. Southern,0,10.4,44,66.4,9.7,75.5,9.2,36.2,11.8,3.1,25.03,43.4,73.3,6.8,33.9,13.67,0.88,641,388,-4.8,54.5
Harvard,0,14.4,44.7,74.3,10.14,71.9,8.2,35.5,13.2,4.8,25.75,41.2,65.8,6.3,31.3,12.71,1.09,531,370,1.6,64.3
Albany (NY),0,12.7,46.7,75.7,10.83,71.3,5.5,37.2,11.9,1.7,25.09,43.1,65.7,5.1,34.1,11.4,1.07,618,416,7.1,60
Southern Ill.,0,11.4,43.3,69.6,10.55,68.5,5.3,31.6,12.1,3.9,23.21,44.7,69.4,6.8,39.6,13.73,0.94,595,398,-1.5,51.5
St. John's (NY),0,13.5,43.3,72.4,10.21,76.8,8.4,36.4,13.1,6,24.21,46.1,78.7,6.8,37.5,15.18,1.03,688,433,-4.5,42.4
Buffalo,0,14.3,45.1,69.2,12.41,77.7,7.5,33,14.6,4,28.06,41.5,74.2,5.7,34.7,12.81,0.98,735,466,4.7,53.1
Troy,1,13.1,45.6,72.4,11.05,78.1,8.4,35.8,12.5,3.5,25.89,42.8,72.1,6,34,12.51,1.05,654,462,2.6,59.5
Mississippi St.,0,12.1,44.4,68.7,9.69,72.5,7.7,34.7,13.5,4.1,25.72,42.8,71.3,7.5,31.5,14.03,0.89,638,433,-1.6,50
South Dakota St.,1,13.1,45.5,77.1,9.03,76.7,9.1,36,12.9,2.4,26.06,45,77.1,5.1,37.3,11.37,1.01,584,453,0.9,51.4
UC Davis,1,12.8,43.5,67.4,10.11,70.1,6.1,34.8,14.3,3.3,25.42,42.6,69.6,5.6,32.9,13.92,0.9,690,513,1.1,63.9
Jacksonville St.,1,14.1,45.9,71.4,10.14,69.5,7.4,37.7,13.6,3.8,25.4,41.7,67.9,4.5,37.4,10.89,1.03,629,477,3.7,57.1
Eastern Wash.,0,12.4,47.9,77,9.09,79.3,8.3,37.9,12.2,4.8,26.09,44.2,76.2,4.6,37.1,10.56,1.01,679,415,1.2,64.7
Texas,0,11.4,43.9,65,9.79,67.1,5.5,29.2,13.4,4.5,24.52,42.4,68.9,5.8,32.6,12.52,0.85,589,443,-1.5,33.3
UMBC,0,14.9,46.9,74.5,9.03,81.1,9.7,39.3,12.1,2.4,26.26,45.4,77.2,6.6,35.4,12.85,1.24,625,410,-0.1,61.8
UNI,0,9.9,39.9,73.3,6.07,61.8,7.6,32.6,11.4,2.8,23.37,42.9,64.4,6.6,36.3,13.83,0.87,464,342,-7.3,46.7
Loyola Marymount,0,14.8,44.4,61.9,11.07,70.4,7.2,35.3,13.2,4,22.97,44.9,70.8,7.6,34.7,14.9,1.12,610,395,-0.7,50
UT Martin,0,15.9,46.8,68.8,12.94,76.9,8.2,35.3,15.1,3.5,24.54,44.4,75.1,6.5,35,13.63,1.05,606,528,4.5,62.9
New Orleans,0,15.7,47.3,71,12.06,72.8,4.3,31.7,16.7,3,23.56,44.1,69.2,7.9,31.6,16.28,0.94,562,534,3.9,62.5
Oklahoma,0,10.6,42.3,72.1,11.65,73,6.2,34.3,13.8,4.7,26.19,43.1,74.2,6.9,36.5,13.42,0.77,601,428,0.5,35.5
Elon,0,14.6,44.5,68.5,9.09,75.1,9.6,35.5,11.7,2.4,28.69,42,71.6,5.2,31.9,11.03,1.25,532,374,0.2,56.3
Toledo,0,16.2,48,69.5,9.97,78.7,7.7,36.2,13.1,2.7,27.5,46.1,75.5,4,32.1,10.32,1.23,575,447,3.9,50
Tennessee St.,0,11.3,44.3,69.2,12.2,71.1,5.7,33.9,15.1,3.4,25.07,40.7,67.7,6.7,34.8,15.7,0.75,633,452,4.7,56.7
Green Bay,0,14,44.3,68.9,12.09,80.2,6.2,32.2,14,4.2,28.91,43.2,77.5,7.8,36,15.16,1,634,448,1.9,56.3
Liberty,0,12.9,43.6,74.2,4.94,66.6,9.1,35.9,10.4,1.9,23.34,43.4,63.4,6.5,33.5,14.26,1.25,671,363,-5.4,60
Canisius,0,17.7,45.6,73.6,10.71,78.4,9.1,37.1,13.1,1.9,22.24,48.7,77.7,6.8,34.3,14.94,1.35,660,446,-2.4,52.9
Washington St.,0,14.6,46.1,75.6,6.42,70.3,6.7,36.4,12.5,2.7,25.55,46,76.6,4.2,35.1,10.16,1.16,502,389,-4.3,41.9
Samford,0,16.1,46.9,74.3,9.58,78.7,7.8,39.5,13.7,2.4,26.53,42.9,75.9,6.1,33.1,12.33,1.18,678,493,0.6,55.6
Fort Wayne,0,17.5,49.6,72.5,10.12,86.9,10.7,40.2,13.6,3.9,27.52,44.3,78.8,7.7,38.3,14.15,1.28,592,450,4.7,60.6
Texas St.,0,14.6,44.8,66.1,9.56,66.9,6,33.1,11.8,4.4,24.08,41.2,62.7,6.6,31.5,13.42,1.24,642,423,0.4,61.1
Rice,0,13.8,46.2,74,10.09,81.5,9.3,38.8,15,3.7,27.97,43.9,75.7,6.3,33,13.49,0.92,671,524,3.4,65.7
Coastal Caro.,0,12,42.3,65.8,12.28,72.6,8.2,33.1,13,2.8,28.05,41.7,73.3,6.1,33.5,12.05,0.92,709,508,3.1,51.3
Ball St.,0,15.6,46.1,71.7,9.85,78.7,9.4,37.9,14.6,3.5,27.82,42.2,75.5,6,35.6,12.76,1.07,658,496,1.7,61.8
Rutgers,0,11,41.1,62.3,14.55,65.5,4.6,30.3,13.2,4.6,25.42,41.3,67.1,6.6,32.7,12.94,0.83,586,437,4.9,45.5
Weber St.,0,13,48.6,74.1,7.15,79.8,9.2,41.7,11.6,3.4,25.29,45.2,73.7,5.2,35.4,11.94,1.12,597,396,-2.8,58.8
Eastern Mich.,0,13.4,44.9,72.5,12.73,77.8,6.4,34.3,12.1,4.4,23.64,42.2,73,9.6,33.2,16.12,1.11,705,399,-0.2,48.5
Western Mich.,0,12.9,45,70.4,11.56,75.5,6.5,37.1,12.5,2.8,24.53,47.1,75.3,5.7,36.2,13.22,1.04,602,399,2.7,50
Utah Valley,0,15.6,43.7,70.7,9,76.9,8.8,32,15.4,3.6,30.68,41.5,72.9,6.4,31.6,13.85,1.02,667,522,1.8,50
UMKC,0,12.9,43.9,71.3,10.06,76.9,9,37.1,14.6,2.6,24.6,45.7,78.7,6.7,33.9,14.91,0.88,772,510,-3,51.4
Utah St.,0,15,46.1,70.1,8.26,72.3,7.5,37.9,12.6,2.9,27.16,42.3,70.8,4.9,33.6,11,1.19,589,391,0.8,45.2
Fairfield,0,15,44.2,68.2,8.87,72.6,8.5,33.5,13.4,3,27.13,43.9,73.5,5.4,33.1,12.65,1.12,567,416,-2.1,51.6
Loyola Chicago,0,14.8,48.5,70.9,6.81,73.4,8.1,38.9,11.8,2.4,24.5,44.6,66.8,6.8,36.4,14.34,1.26,545,377,-1,56.3
Houston Baptist,0,14.7,45.3,70,13.71,78.7,6.3,33.9,13.2,2.6,24.97,45.9,77.4,6.3,35.7,13.45,1.11,598,410,5.9,54.8
Stony Brook,0,12.2,40.4,72.2,11.19,69.2,7.8,32.7,10.2,3.2,23.47,43.9,68.9,5.4,37.5,13.22,1.2,622,325,-1.5,56.3
Boston U.,0,14,44.3,69.6,10.03,73.1,8.6,35.4,14.3,2.5,25.63,42.5,70.8,8.3,36.3,14.78,0.98,610,459,0.1,56.3
Gardner-Webb,0,14.7,47.9,62.4,11.27,77.2,6.3,37.9,14.4,3.6,26.88,41.7,70.3,8.8,34.3,15.03,1.03,670,474,4,57.6
Wofford,0,16.7,46.7,78,9.79,78.6,9.4,40.3,12.3,2.2,23.76,47.2,75.1,5.6,34.2,12.48,1.36,616,405,0.5,48.5
Lipscomb,0,18.2,47.5,72.3,10.3,85,10.3,36.6,15.2,3.2,26.48,44.3,77.6,6.6,34.8,15.58,1.2,702,500,1.3,60.6
San Jose St.,0,13.9,44.1,70.1,9.43,73.2,6.7,34.8,13.1,4.2,24.37,46,74.8,6.3,34.7,13.9,1.06,589,394,-0.6,46.7
Evansville,0,13.4,45.4,71.3,9.03,69.3,3.8,36.6,11.8,3,25.39,42.1,68.5,5.2,33.9,12.7,1.14,660,389,0.8,48.5
Sam Houston St.,0,14.9,43.7,68.6,11.79,74.3,6.2,31.7,13.7,2.7,25.88,42.6,71.3,7,34.3,16.29,1.09,758,466,3.1,61.8
Massachusetts,0,16,43.7,66,10.09,71.8,7.1,29.7,14.8,5.1,25.82,41.3,71.9,7.6,34.5,14.3,1.08,722,489,-1.1,45.5
LSU,0,12.8,45.1,69.6,11.45,74.8,6.3,33.6,14.5,3.5,24.55,47.2,83,6,38.3,12.35,0.88,595,451,-0.8,32.3
Mercer,0,13.5,44.4,78.2,11.47,70.8,7.6,35,11.5,2.3,25.22,41.5,68.3,4.2,34.4,10.25,1.18,547,367,5.5,46.9
Rider,0,14.1,44.6,67.2,12.76,75.7,5.4,33.2,14.6,3.6,27.58,42.8,75.8,6.6,33.7,13.48,0.97,653,481,4.2,54.5
Hofstra,0,13.1,44.3,68.4,11.59,77.3,9.1,36.7,10.7,2.6,24.66,46.2,76.7,4.4,36.6,10.59,1.23,545,341,0.3,46.9
UAB,0,15.2,46.2,73.6,9.73,71.8,6.2,34.9,13.5,4.9,26.27,43,70.2,4.8,34.2,11.55,1.13,528,444,3.3,51.5
Loyola Maryland,0,11.7,42,69.2,11.58,65.9,5.4,32.9,15,3.5,22.15,46.3,68.2,7.3,32.9,14.45,0.78,636,496,1.6,48.5
Morehead St.,0,16.1,46.1,72.6,13.2,79,7.3,38.6,13.5,3.2,24.4,46.2,77,6.7,38.4,14.7,1.19,634,404,4.9,46.7
Penn,0,14.3,44.3,65.7,9.54,68.9,8.4,33.9,12.8,3.6,25.21,41.6,68,6.5,36,13.57,1.12,502,359,-0.8,46.4
Saint Joseph's,0,11.4,41.8,65,11.32,69.5,5.6,32.4,12,3.4,25.19,43.4,73.1,4.8,34.9,12.65,0.95,550,371,0.7,35.5
Idaho,0,12.8,43.3,72.3,10.97,73.1,7.7,36.7,12.8,2.5,25.79,41.5,71.1,5,35,12.39,1,698,421,3.6,57.6
N.C. Central,0,14.1,45.4,68.3,11.68,74.8,7.5,33.5,11.9,3.3,26.88,39.3,63.5,6.1,29,13.94,1.18,588,406,2.5,73.5
SFA,0,12.4,44.7,72.1,11.45,69.4,5.8,31.9,17.5,3,23.3,45.1,68.8,6.8,35.2,16.18,0.71,717,578,4.1,54.5
Navy,0,13.5,42.2,64.1,13.25,64.9,6.4,30.7,14.5,2.1,22.19,45.5,64.2,7.1,35.7,15.5,0.93,594,464,5.4,50
Holy Cross,0,13.5,42.7,69.3,5.91,60.4,7.4,34.5,11,2.4,19.44,45.3,62.1,9.4,34.3,15.88,1.23,516,351,-8.5,46.9
Denver,0,15.1,48.2,73.4,9.1,75.8,7.4,40.2,13.5,2.1,26.17,44.5,74.6,5,35.8,10.77,1.12,603,404,4.2,53.3
Washington,0,13.2,44.8,65.4,12.94,76.4,7.3,35.4,13.7,5.5,24.35,46.6,81.1,6.1,39.9,12,0.96,628,425,2.1,29
Missouri St.,0,12.2,44.3,70.1,11.42,72.8,8.2,36.4,12.3,3.8,25.3,43.4,69,5.3,34.1,11.24,0.99,585,406,5.7,51.5
San Diego,0,12.1,40.7,72.1,8.19,65.3,8.3,34.8,12.2,1.7,24.97,45.9,71.3,3.9,36.6,10.03,0.99,600,379,-1,41.9
Long Beach St.,0,13.1,44,72.4,11.65,75,6.4,35.1,14.4,2.7,24.09,46.3,78.4,5.9,37.8,13.76,0.92,682,488,-0.6,44.1
East Carolina,0,11.9,39.8,65.7,11.21,63.3,6.5,32,13.9,5.2,26.67,39.2,65.1,5.1,32.5,11.36,0.86,551,459,0.6,45.5
Fordham,0,13.4,41.6,72.6,8.16,65.3,8.3,33.4,13.1,2.8,20.38,46.2,67.7,9.8,35.9,17.53,1.03,613,418,-7.3,40.6
Montana,0,13,44.9,75.2,9.69,74.7,7.4,35.7,10.8,2.8,24.19,46.2,73.4,5.7,34.5,12.63,1.21,701,345,0.1,50
IUPUI,0,14.2,45.1,68.3,10.88,78.1,9,38.8,12.5,2.7,23.63,47.2,78.7,6.8,36.1,13.69,1.13,655,401,-0.8,43.8
Central Mich.,0,11.3,42.4,79.1,11.38,88.3,12.5,35.8,11.3,2.9,27.53,46,87.7,5.6,34.6,12.44,1,612,362,-3.8,50
Bradley,0,11.3,42.3,67.2,9,65.5,6.6,35.6,15.1,3.7,26.21,41.6,70.7,6.2,34.2,13.03,0.75,672,499,-1.1,39.4
Boston College,0,14.8,44.8,68,9.13,72.5,8,37.4,14.6,2.7,25.78,47,78.4,5.6,35.4,12.44,1.01,597,467,0.3,28.1
North Florida,0,13.1,45.7,65.5,12.44,77.6,8.7,35.1,15.9,4.2,26.41,44.8,78.6,5.4,35.8,12,0.83,639,541,2.8,44.1
LIU Brooklyn,0,10.9,43.5,68.7,13.22,71.2,5.8,34.5,14.4,3.3,25.59,42.7,69.3,5.8,35.1,13.56,0.76,641,460,5.8,62.5
UTEP,0,14.5,46.9,66.2,7.34,69.3,5.6,34.8,13.3,3.1,27.16,42.1,68.8,5.4,33.8,12.22,1.08,619,427,0.3,46.9
Radford,0,12.3,41.3,66.6,12.38,65.3,7.7,34.5,14.7,3.6,25.72,44.6,70.2,4.8,35.7,10.22,0.84,550,470,4.7,43.8
Western Ky.,0,12.4,44,67.1,9.44,69,6.7,35.4,12.1,3.3,25.5,45.2,71.9,4.5,36.8,10.69,1.02,475,388,0.4,46.9
Pacific,0,12,40.4,67.5,11.67,66.8,5.6,33,11.7,1.9,25.42,44.9,71.8,4.2,35.3,11.61,1.03,690,386,2,33.3
Alcorn,0,13.3,42.9,65.2,12.09,69.4,6.9,33.2,14.1,3.5,26.75,41.8,68,6.5,30.6,13.06,0.94,610,452,2.2,56.3
Bowling Green,0,12.2,42.5,66.7,11.03,73.6,6.9,34.2,12.8,2.7,25,46.4,76.7,6.9,34.2,14.75,0.96,623,408,-1.8,40.6
South Ala.,0,12.8,42.7,65.5,10.53,71.4,7,31.8,13.1,3.7,24.09,44.2,72.6,7.5,34.8,16.25,0.97,653,419,-3.3,43.8
Lamar University,0,14.1,45.9,66.8,11.44,77.1,7.8,36.2,13.4,2.8,23.62,46.1,71.6,8,32.2,16.03,1.06,733,455,0.8,55.9
Murray St.,0,13.9,44.1,73.5,12.09,80,8.8,36,12.2,2.3,25.58,45,77.1,6,36,13.15,1.14,661,403,1.3,48.5
USC Upstate,0,15.4,45.8,65.7,12,78,8.6,34.6,12.8,3.2,26.82,43.6,76.6,5.4,33.2,10.94,1.21,547,421,2.2,51.5
High Point,0,12.6,43.3,74.4,9.9,68.8,6.3,37.7,13.1,3.1,25.19,44,68.9,5.9,36.3,13.52,0.96,540,407,1.6,48.4
Indiana St.,0,13.5,41.6,68.1,8.48,70,8.2,35,12.8,4.1,27.32,41.9,72.7,6.6,37.3,12.9,1.05,660,396,-5.1,35.5
Campbell,0,11.7,45.6,75.1,7.86,71.7,7.9,36.8,12.9,4,25.05,43.6,70.4,6.6,33.7,11.95,0.91,662,476,-0.9,51.4
DePaul,0,11.4,43,73.5,10.59,68.9,5.8,32.6,14.1,2.9,22.41,46.6,74.6,6.7,36.1,13.84,0.81,634,451,-1.4,28.1
Delaware,0,11.7,42.1,68.6,9.76,65.4,5.9,30.4,12,3.1,25.39,44.6,72.2,5.3,36.3,10,0.97,626,396,0.2,39.4
Ill.-Chicago,0,14.6,44.4,71.1,11.72,76.4,7.6,36.5,16.4,5.1,27.89,42.2,76.5,5.5,35.7,12.39,0.89,679,589,3.1,47.2
UNLV,0,12.9,39.5,69.6,11.41,68.8,6.7,32,12.8,2.7,26.25,45.1,75.2,5.9,37.8,11.78,1,539,410,-0.3,34.4
Robert Morris,0,10.5,40,64.7,11,64.4,5.5,31.9,15.1,2.4,23.52,43.8,67.8,7.9,29.8,16.58,0.7,671,497,-2.7,42.4
Little Rock,0,11.8,44.3,74.1,9.53,68.4,6.5,34.6,12.9,3.8,23.53,44.5,68.3,5.7,36,13.38,0.92,591,412,0.8,46.9
Northern Ill.,0,10.8,43.8,67.7,12.53,72.2,5,31.2,13.4,2.5,25.31,43.5,70.7,7.1,34.7,14.94,0.81,619,430,3.2,46.9
Wagner,0,10.9,42.8,69.1,14.47,68.2,6.1,33.2,14.1,3.6,25,40.9,65.8,4.9,33.6,12.2,0.77,616,422,7.2,53.3
Charlotte,0,12,44.4,74.6,7.47,76.5,7.9,37.6,12.2,3.1,25.17,46.8,80.2,6.3,36.6,13.77,0.99,580,366,-7.5,43.3
Portland,0,9.8,42.3,74,8.42,67.1,6.5,37.3,12.8,3.4,24.85,42.9,72.2,4.9,35.6,11.55,0.77,582,424,-3.4,33.3
Saint Francis (PA),0,13.9,46.7,69.2,10.41,75.8,8.1,39.1,14.7,4,26.15,42.8,74.5,6.6,36.6,13.44,0.95,551,499,-0.1,50
Saint Louis,0,12.8,40.4,66.3,8.45,61.4,7,34.2,13.4,2.9,24.67,43.9,69.3,5,35.6,11.12,0.96,640,441,-2.6,36.4
Norfolk St.,0,11,42.4,68.1,10.74,69.8,6.6,33.9,14.8,5.3,27.74,40.6,71.5,5.1,33.9,12.26,0.75,705,502,1.9,50
Air Force,0,15,43.6,71.7,9.39,73.1,8,36.3,12,1.7,25.45,45.7,75.1,6,36.4,12.33,1.25,594,396,0.5,36.4
Pepperdine,0,13.5,44.6,64.1,9.52,69,5.7,36.9,12.5,2.7,23.77,48.5,80.3,5.1,41.8,10.87,1.08,531,389,-3.2,29
Southeastern La.,0,14.2,45,68.3,12,70.9,6.7,36.3,16,3.3,24.06,43,68.2,6.8,34.3,15.19,0.89,619,512,3.8,50
Eastern Ky.,0,13.8,42.8,70.5,9.23,70.9,7.6,32.1,13.9,3.7,23.65,44.4,75.2,6,35,13.81,0.99,620,432,-4.4,38.7
Missouri,0,12.1,39.3,68.3,11.16,69.2,7,30.4,12,2.1,25.34,42.8,72.9,6.3,34.4,13.66,1.01,649,384,-2.9,25
Nicholls St.,0,13.9,42.7,73.9,9.77,74.7,9,34.5,14.5,6.1,23.1,46.8,79.5,7.5,39.8,15.32,0.95,599,451,-6.9,45.2
Montana St.,0,13.2,43.5,73,10.5,80,10,37.5,12.3,2.4,25.94,44.9,79.1,5.7,37.5,13.41,1.08,732,393,-0.6,50
Youngstown St.,0,15.1,44,67.2,10.44,76.9,7.4,33.3,11.9,3.1,26.21,46.2,82.3,5.5,34.6,12.29,1.26,567,406,-4,38.2
James Madison,0,11.7,44.4,71.6,9.39,66.5,6.3,33.1,14.2,2.7,24.94,43.9,69.7,5.9,34.6,11.82,0.82,668,467,3.3,30.3
UTSA,0,10.8,39.3,66.6,12.88,66,5.2,28.3,12.7,1.9,26.27,43.4,69.4,5.5,35,12.3,0.85,643,418,4,42.4
Kennesaw St.,0,15.8,46.2,69.1,11.19,75,6.4,41.6,13.5,3,24.66,47.1,76.8,5.1,37.3,12.47,1.18,613,431,1.5,43.8
Milwaukee,0,13.3,44.1,66,8.37,67.1,7.8,34.8,12,1.5,23.29,46.5,71.3,4.7,35.3,11.71,1.11,641,419,-1.9,31.4
Austin Peay,0,10.8,46.9,70.8,8.17,77.7,7.6,35.5,12.4,2.4,22.27,49.1,83.8,5.7,37,13.57,0.87,547,373,-7,36.7
Manhattan,0,10.9,41.6,72.9,11.09,70.6,6.5,32.8,16.6,3.3,23.94,45.3,77.7,7,39.2,14.66,0.66,793,530,-0.2,31.3
Cleveland St.,0,10.5,40.5,69.1,10.94,67.2,7.1,30.9,13.1,3,22.1,45.8,71.7,7.1,35,15.61,0.81,636,405,-4.2,29
Columbia,0,15.6,43.6,70.8,10.11,71.9,7.8,35.9,12.9,3,24.93,43.4,72.7,7.1,36.1,14.33,1.22,506,347,-2,40.7
Eastern Ill.,0,15.3,41.7,73.2,11.97,74.8,8.9,37.2,12.8,4.1,25.31,43.1,71.8,6.8,35.4,15.79,1.2,561,370,-1.6,48.3
Duquesne,0,12.5,42.8,67.6,10.72,70.5,7.1,33.4,14.2,4,25.75,43.8,74.3,4.9,35.9,12.47,0.88,597,454,-0.9,31.3
Army West Point,0,16.2,44.1,65.5,9.91,72.6,9.1,35.3,15.1,1.9,28,44,73.1,5.6,33,12.72,1.07,621,483,2.7,40.6
Portland St.,0,15.8,48.2,65.8,10.39,85.3,7.7,34.1,12.1,2.6,23.94,48.1,81.8,9.9,36.9,17,1.31,590,376,-3.5,48.4
Cornell,0,14.5,45.3,69.8,7.55,71.5,8.4,33.9,14.4,2.7,26.07,45.6,77.2,5.2,35.4,11.14,1,529,419,-1.9,27.6
Quinnipiac,0,14.4,42.2,68.3,13.94,76.7,7.4,32.6,14.5,3.6,25.52,46.4,83.3,5.7,38,12.71,1,608,448,1.5,32.3
Fairleigh Dickinson,0,12.2,44,76.5,9.7,72.8,6.7,33.2,13.3,2.6,23.27,45.1,75,6.3,34.2,13.67,0.92,637,399,-3.9,36.7
Seattle U,0,15.9,43.3,70.7,7.43,69.7,8.7,34.3,14.5,2.1,26.27,40.3,71.4,6.6,31.5,13.83,1.09,569,436,-4.2,43.3
Western Caro.,0,11.4,39,65.3,12.41,61.4,5.7,30.7,16.1,2.3,23.81,44.5,73.3,6.2,35.5,13.47,0.71,662,516,0.7,28.1
Tennessee Tech,0,13.9,42.1,70.8,11.13,72.4,7.5,32.4,13.6,3.8,25.16,43.2,73.1,6.7,34.1,14.66,1.03,675,434,-0.5,37.5
Southeast Mo. St.,0,13.8,44.9,74.2,8.76,74.5,8,36.7,12.4,1.9,22.27,47.8,74.7,7.5,36.7,15.7,1.11,644,410,-4.2,45.5
Niagara,0,12.6,41.6,75,11.79,74.2,7.4,36.6,13,4.6,26.42,44.1,78.2,5.2,36.6,11.61,0.97,604,428,-0.3,30.3
Marist,0,11,42.9,72.5,7.34,69.5,7.7,33.3,12.8,2.6,23.84,46,79.1,4.6,37.7,10.94,0.86,629,409,-7.2,25
Cal St. Fullerton,0,12.1,44.4,68.7,10.88,73.5,6.1,31.1,15,3.7,26.53,42.3,71.3,7,33.1,14.31,0.81,666,480,3.1,53.1
UMES,0,13.2,42.4,68.3,10.29,71.4,7.7,34.2,12.9,2.6,23.32,45.4,76,5.6,35.3,14.09,1.03,666,437,-5.2,41.2
Bryant,0,14.4,43.7,72,10.78,74.2,7.4,33.8,13.4,2.2,25.09,45.2,77.4,6.8,33.2,12.72,1.07,680,428,-0.9,37.5
Fla. Atlantic,0,12.3,41.1,70.3,10.53,70.3,6.8,31.9,11.6,3.1,24.93,45.1,74,5.7,36.6,12.93,1.06,570,348,-3.9,33.3
Savannah St.,0,17.3,41,64.8,12.34,85.7,13.5,33.2,14.9,3.2,27.97,45.2,91.9,7.8,33.2,15.9,1.16,571,431,-8.3,44.8
The Citadel,0,17,41.5,75.7,13.58,89.8,12,34,14.3,2.6,23.82,51.2,94.6,9.3,38.7,17.55,1.19,738,473,-6.6,36.4
Brown,0,13.3,44.3,75.9,9.17,75.8,8.1,36.7,14.4,1.9,21.93,49.9,77.9,7.6,37.2,15.8,0.93,597,431,-2.8,43.3
Hampton,0,11.7,40.7,71.2,11.97,69.3,6.3,31.6,14,3.6,24.9,43.4,71.6,4.9,36,14.65,0.84,634,435,1.1,45.2
Oregon St.,0,11.9,42.8,66.1,9.06,63.2,6.3,34.6,15.3,3.7,23.5,44.5,72.5,5.5,35.9,11.75,0.77,611,491,-2.8,15.6
Northern Colo.,0,13.5,44,60.4,10.69,71.6,8.8,34.5,14,2.2,26.38,45.5,74.7,5.1,35.2,12.93,0.96,563,407,0.9,37.9
Detroit Mercy,0,12.8,44.5,66.4,10.32,77,8.1,37.2,14.5,2.5,23.1,50,84.8,6.5,38,14.71,0.88,741,451,-4.1,25.8
Oral Roberts,0,14.1,44.5,75.9,9.27,75.1,7.2,36.7,12,2.9,25.2,46.8,79.9,5.4,39.7,11.93,1.18,535,360,-2.5,26.7
Colgate,0,12.9,44,67.7,8.22,67,8.5,37,14.7,2.6,24.19,45.2,71,5.1,37.5,11.81,0.88,603,470,-0.4,31.3
Tulane,0,12.8,40.5,71.7,11.26,70.3,7.1,32.4,13.5,3.8,23.06,47.1,78.5,6.2,38.1,14.16,0.95,648,420,-3.9,19.4
NJIT,0,12.7,42.3,70.3,11.52,72.6,8.3,33.3,14.1,2.9,25.06,45.9,74.8,6.5,37.5,13.42,0.91,599,436,2.9,35.5
La.-Monroe,0,13.4,42.5,66.9,10.58,66.6,7.2,33.2,13.1,2.2,25,43.4,69.7,4.7,35.6,11.3,1.02,576,433,0.5,27.3
Appalachian St.,0,13.8,42,68.1,11.3,73.6,8.4,33.7,13.8,3,26.23,45.9,76,5.6,37.7,12.73,1,643,414,1,30
Charleston So.,0,11,44.1,66.6,10.84,74.3,7.4,34.1,11.5,2.9,24.39,46.1,75.6,5.7,35.9,12.61,0.95,621,358,0.1,38.7
Cal Poly,0,10.4,40.3,69.7,9.68,67.2,8.3,34,10.7,3.6,22.65,46.7,72.3,5.2,39.1,12,0.97,574,333,-5,35.5
Sacramento St.,0,13.2,45.9,65.1,9.87,71.1,5.2,31.6,11.6,4.4,25.65,45.2,74.3,4.7,38.1,10.74,1.13,568,360,0.5,41.9
Sacred Heart,0,14.3,44.2,70.1,11.28,72.7,6.3,33.5,16.1,2.7,26.03,46,76.1,6.8,37.9,14.31,0.89,617,516,2.4,40.6
Hawaii,0,13.9,42.3,71.5,9.57,68.1,7.1,32.5,13.8,1.9,22.63,44.9,68.3,5,33.9,14.1,1.01,570,414,-1.1,46.7
Miami (OH),0,11.4,43.4,69.1,9.31,70.3,6.2,30.8,14.6,3.9,24.78,43.2,74.5,7.4,34.7,15.13,0.78,643,467,-4.1,34.4
Northwestern St.,0,14,44.2,69,11.62,76,7,36.6,15.1,2.7,24.59,47,79.3,6.8,37.6,14.62,0.92,568,439,-0.5,44.8
Dartmouth,0,11.4,43.2,70.9,9.22,67.1,7.4,35.3,14.9,1.8,24.7,46.9,74.8,4.7,35,10.89,0.77,494,401,0.6,25.9
Jacksonville,0,13.5,46.6,73.6,9.15,77.5,9.9,40.3,12.8,1.9,23.61,47.5,75.1,8,37.5,14.64,1.05,620,424,-0.7,51.5
Prairie View,0,12.2,42.8,70.3,8.85,69,7.2,35,13.2,3.6,22,45.9,73.3,8.3,35.1,15.21,0.93,700,436,-7.2,39.4
South Carolina St.,0,12.3,43,69.1,10.32,69.9,6,32,12.4,2.1,21.65,48.4,80.2,5,34.5,12.55,0.99,596,383,-6.2,35.5
Drexel,0,14.7,43.5,66.7,11.88,74.9,8,34.5,13.3,3.1,24.91,46.2,78.4,5.8,35.7,12.66,1.11,645,425,-0.3,28.1
American,0,11.3,44.9,61.8,6.8,61.5,5.6,31.8,13.2,2.4,22.13,46.9,68.3,7,36.8,13.2,0.86,549,396,-4.3,26.7
Central Ark.,0,14.5,43.7,71.8,10.53,74.8,7.2,37.5,13.9,2.6,25.41,46.6,84.1,5.6,39.2,11.44,1.04,606,446,-1.9,25
Binghamton,0,12.8,43.7,70.5,7.84,68,7.8,36.2,12.4,2.4,25.13,45,70.9,5.2,36.1,11.66,1.03,545,397,-1.9,37.5
CSUN,0,13.7,46.1,72.9,9.83,78,4.8,34.9,13.3,3,25.2,46,81.3,6.9,38.6,13.03,1.03,638,399,-1.6,36.7
McNeese,0,10.4,42.1,68.5,9.83,70.4,6.7,33.2,13.9,3.1,23.83,44.9,79,5.5,34.9,13.24,0.75,574,403,-7.4,24.1
UTRGV,0,15.1,42.4,71.7,11.94,78.3,8.6,33.6,15.8,2.6,24.91,47,83.3,7.7,36.5,16.38,0.95,780,507,-2.9,31.3
Drake,0,13,40.9,75.6,10.03,71.2,8.7,34.4,12.5,2.5,24.52,46.1,77.1,6.1,36.9,12.42,1.04,565,389,-3.8,22.6
South Fla.,0,12.2,42.5,65.7,10.93,64.8,5.8,34.6,16.3,3.8,24.17,42.9,74.5,6.1,39.6,13.27,0.75,579,489,-2.1,23.3
Chicago St.,0,11.3,38.4,70.1,10.75,65.3,6.6,31.1,13.8,2.1,24.34,46.5,78.5,6.7,36.1,13.59,0.82,617,440,-4.8,18.8
Southern U.,0,11.8,43.6,69.6,12.27,71.5,4.9,31.9,13.7,3.8,25.79,42.6,72.7,5.7,31.4,12.39,0.86,635,453,1.2,45.5
Lafayette,0,12.6,43,71.1,6.83,66.5,7.4,33.4,14.5,2.8,25.03,45.7,76.1,4.9,37.9,12.97,0.87,515,436,-5.5,30
Grambling,0,11.2,43.3,66.3,12.06,71.5,5.6,31.7,13.6,2.3,21.52,47.4,73.1,8.8,37.1,17.48,0.82,658,450,-3.5,48.5
Jackson St.,0,10.9,38.5,67.4,13.28,64.6,6.8,29.9,12.2,2.6,23.16,43.4,66.9,6.2,33.3,13.78,0.9,648,390,2.2,43.8
Maine,0,11.8,40.3,65.4,10.16,64.7,6.6,31.9,13.1,2,24.94,46.1,75,5.2,35.9,11.59,0.9,562,419,-2.3,21.9
UC Santa Barbara,0,12.1,37.7,63.4,12.71,60.8,5.5,29,12.2,2.1,24,44.7,71,5.3,33.8,11.64,0.99,502,341,-0.8,21.4
Western Ill.,0,13.4,43.5,70.7,6.93,71.9,9.1,38.8,13.2,4.5,27.64,43.6,76.8,4.6,40.6,10.32,1.02,546,369,-3,28.6
Morgan St.,0,10.8,38.5,71.1,14.13,67.5,5.3,29.4,14,3.4,24.87,43.8,70.7,5.7,28.5,14.4,0.77,602,420,1.4,46.7
Hartford,0,11.5,40.2,69.9,9.13,66.8,8.2,33.8,14.4,3.7,23.56,45.4,77,7.1,38.9,13.09,0.79,604,462,-7.3,28.1
Stetson,0,13.6,44.1,65.9,8.56,77.2,8.2,33.9,11.3,2.2,26.69,45.4,82.9,4.8,34.7,11.56,1.2,608,362,-7.8,34.4
VMI,0,11.9,41.2,69,10.2,68.6,8.3,31.6,13.2,3.8,22.8,48.3,78.2,6.3,39.6,12.97,0.9,595,395,-4.5,20
UC Riverside,0,11.4,41.1,69.9,9.43,64.8,5.9,31.8,13.8,2.8,24.86,42.4,70.4,6.6,34.4,13.39,0.82,554,387,-2.1,25
Southern Miss.,0,12.1,39.9,70.7,8.32,63,6.5,30.5,13.1,2.1,25.87,43.9,72.2,4.7,37,11.68,0.93,527,405,-2.5,29
Delaware St.,0,13.4,41.9,65.9,10.88,68.3,8.2,36.2,13.6,2.8,22.16,44.6,75,5.5,35,14.25,0.98,608,436,-5.5,31.3
Mississippi Val.,0,11.7,42.1,65,12.03,69.8,5.4,34.3,14.4,1.9,22.59,49,83.3,6.8,38.1,14.25,0.81,624,460,-4.4,21.9
SIUE,0,10.2,40.7,67.7,11.77,68.1,4.7,29.2,14.5,2.8,24,46.6,76.1,4.7,32.9,13.07,0.7,657,436,0.7,20
Northern Ariz.,0,13.8,40.7,68.4,11.97,69.3,7.5,32.1,14.5,2,26.09,45.9,76.1,4.5,33.7,12.06,0.95,590,465,2.2,28.1
Coppin St.,0,10.5,38.2,65,11.47,66.2,7,31.8,13.8,2.3,23.38,47,78.8,5.7,35,13.53,0.76,664,440,-5.5,25
FIU,0,11.2,45.4,75,10.16,70.3,5.8,33.2,13.3,2.2,23.74,46.5,73.6,6,35.4,11.55,0.84,572,412,1.6,22.6
North Texas,0,11.3,42.3,64.6,10,69.2,6.2,32,13.7,3.2,25.83,43.2,75.3,6.6,34.1,13.27,0.82,568,410,-3,26.7
Howard,0,9,39,65.7,12.35,63.7,5.1,29.1,14.7,3.7,24.62,42.6,71.6,5.3,35.5,12.53,0.61,636,500,-0.9,29.4
Idaho St.,0,10.2,43.4,68.4,7.52,69.8,7.6,35.9,13.5,2.4,22.19,48.1,80.2,7.2,39.6,12.97,0.75,578,419,-7.5,16.1
Southern Utah,0,11.5,40.6,74.1,11.61,77.5,8.8,35.7,13.7,3.2,25.33,47.8,85.3,5.6,38.4,12.55,0.84,803,452,-0.4,18.2
Alabama St.,0,9.7,39.2,63.7,13.77,65.9,6.5,29.7,15.7,3.2,24.68,44.4,74.4,4.8,34.3,12.65,0.61,630,488,0.6,25.8
Longwood,0,10.8,44.5,73,7.27,67.3,6.2,32.7,15.2,4.1,23.4,47.7,80.3,5.8,39.6,12.67,0.71,540,456,-7.4,20
Central Conn. St.,0,11.7,42.1,62,11.45,63,5,35.1,14.2,2.3,21.79,46.8,72.8,5.7,38,13.52,0.82,540,413,-2.2,20.7
Ark.-Pine Bluff,0,10.4,40.3,65.2,10.47,61.8,6.5,33.5,18.1,2.9,21.19,44.8,72.5,8.7,31.8,16.72,0.58,718,578,-4.4,21.9
Presbyterian,0,12.1,41.2,68.6,10,61.2,6,34.6,15,2.4,22.63,45.8,74.8,4.8,38.8,11.6,0.81,519,451,-2.5,16.7
Bethune-Cookman,0,14,41.6,66.2,12.41,71.1,7.1,32,12.9,3,23.03,46.9,77.8,7.7,33.5,14.59,1.08,645,413,-4.6,31.3
St. Francis Brooklyn,0,9.3,34.7,64.9,12.58,62,7.1,27.9,12.2,2.9,22.23,47.4,73.7,6.7,35.2,13.97,0.76,673,379,-6.9,12.9
Florida A&M;,0,12.6,42.3,65.9,10.17,71.8,6.2,34.8,13.6,3.3,24.73,45.6,78.8,6.6,36.2,14.2,0.93,569,407,-6.6,23.3
N.C. A&T;,0,11,42.4,68.1,10.88,64.3,6.3,32.8,14.6,2.2,23.56,44.4,76.1,4.5,37.9,9.72,0.76,629,466,-0.4,9.4
Alabama A&M;,0,11.4,40.2,66.6,10.31,61.7,4.3,27.4,13.2,1.8,21.86,47.4,77.8,3.6,36.3,9.38,0.86,526,384,-5,6.9
